,Name,Price,Model,Brand,Size,Retailer,Categories,Currencies
6,Sony 65-inch X95H 4K UHD LED LCD Smart TV,2995                        ,KD65X9500H,Sony,65,Harvey Norman,Televisions,AUD
7,Hisense 65-inch S8 4K LED LCD Smart TV,1395,65S8,Hisense,65,Harvey Norman,Televisions,AUD
8,LG 55-inch Nano80 4K NanoCell Ai ThinQ Smart TV,1495,55NANO80TNA,LG,55,Harvey Norman,Televisions,AUD
9,Hisense 75-inch S8 4K LED LCD Smart TV,1895                        ,75S8,Hisense,75,Harvey Norman,Televisions,AUD
10,TCL 65-inch C715 4K QLED Smart TV,1695,65C715,TCL,65,Harvey Norman,Televisions,AUD
11,Samsung 75-inch Q60T 4K QLED Smart TV,2895,QA75Q60TAWXXY,Samsung,75,Harvey Norman,Televisions,AUD
12,Sony 55-inch X80H 4K UHD LED LCD Smart TV,1295                        ,KD55X8000H,Sony,55,Harvey Norman,Televisions,AUD
13,Samsung 65-inch The Frame LS03T 4K QLED Smart TV,2695,QA65LS03TAWXXY,Samsung,65,Harvey Norman,Televisions,AUD
14,Samsung 82-inch Q800T 8K QLED Smart TV,8995,QA82Q800TAWXXY,Samsung,82,Harvey Norman,Televisions,AUD
15,Samsung 75-inch Q800T 8K QLED Smart TV,5995                        ,QA75Q800TAWXXY,Samsung,75,Harvey Norman,Televisions,AUD
16,Samsung 65-inch Q800T 8K QLED Smart TV,4795,QA65Q800TAWXXY,Samsung,65,Harvey Norman,Televisions,AUD
17,Samsung 75-inch Q95T 4K QLED Smart TV,5995,QA75Q95TAWXXY,Samsung,75,Harvey Norman,Televisions,AUD
18,Samsung 55-inch Q95T 4K QLED Smart TV,2995,QA55Q95TAWXXY,Samsung,55,Harvey Norman,Televisions,AUD
19,Samsung 75-inch Q80T 4K QLED Smart TV,4495,QA75Q80TAWXXY,Samsung,75,Harvey Norman,Televisions,AUD
20,Samsung 65-inch Q80T 4K QLED Smart TV,2995,QA65Q80TAWXXY,Samsung,65,Harvey Norman,Televisions,AUD
21,Samsung 55-inch Q80T 4K QLED Smart TV,2195,QA55Q80TAWXXY,Samsung,55,Harvey Norman,Televisions,AUD
22,Samsung 85-inch Q70T 4K QLED Smart TV,5495,QA85Q70TAWXXY,Samsung,85,Harvey Norman,Televisions,AUD
23,Samsung 75-inch Q70T 4K QLED Smart TV,3495,QA75Q70TAWXXY,Samsung,75,Harvey Norman,Televisions,AUD
24,Samsung 65-inch Q70T 4K QLED Smart TV,2295,QA65Q70TAWXXY,Samsung,65,Harvey Norman,Televisions,AUD
25,LG 55-inch CX Cinema Series 4K UHD Self-lit OLED Smart TV Ai ThinQ,3095                        ,OLED55CXPTA,LG,55,Harvey Norman,Televisions,AUD
26,LG 65-inch CX Cinema Series 4K UHD Self-lit OLED Smart TV Ai ThinQ,4295                        ,OLED65CXPTA,LG,65,Harvey Norman,Televisions,AUD
27,LG 77-inch CX Cinema Series 4K UHD Self-lit OLED Smart TV Ai ThinQ,7995                        ,OLED77CXPTA,LG,77,Harvey Norman,Televisions,AUD
28,LG 65-inch Nano99 8K NanoCell Ai ThinQ Smart TV,5495,65NANO99TNA,LG,65,Harvey Norman,Televisions,AUD
29,LG 75-inch Nano99 8K NanoCell Ai ThinQ Smart TV,7495,75NANO99TNA,LG,75,Harvey Norman,Televisions,AUD
30,LG 65-inch Nano80 4K NanoCell Ai ThinQ Smart TV,1895,65NANO80TNA,LG,65,Harvey Norman,Televisions,AUD
31,LG 65-inch Nano86 4K NanoCell Ai ThinQ Smart TV,2295,65NANO86TNA,LG,65,Harvey Norman,Televisions,AUD
32,LG 65-inch Nano91 4K NanoCell Ai ThinQ Smart TV,2695,65NANO91TNA,LG,65,Harvey Norman,Televisions,AUD
33,LG 75-inch Nano91 4K NanoCell Ai ThinQ Smart TV,4195,75NANO91TNA,LG,75,Harvey Norman,Televisions,AUD
34,LG 65-inch Nano95 8K NanoCell Ai ThinQ Smart TV,3995,65NANO95TNA,LG,65,Harvey Norman,Televisions,AUD
35,LG 75-inch Nano95 8K NanoCell Ai ThinQ Smart TV,5495,75NANO95TNA,LG,75,Harvey Norman,Televisions,AUD
36,Sony 75-inch X95H 4K UHD LED LCD Smart TV,3995                        ,KD75X9500H,Sony,75,Harvey Norman,Televisions,AUD
37,Hisense 75-inch Q8 4K ULED Smart TV,3495,75Q8,Hisense,75,Harvey Norman,Televisions,AUD
38,Hisense 65-inch Q8 4K ULED Smart TV,1995                        ,65Q8,Hisense,65,Harvey Norman,Televisions,AUD
39,Hisense 55-inch Q8 4K ULED Smart TV,1595,55Q8,Hisense,55,Harvey Norman,Televisions,AUD
40,Samsung 75-inch The Frame LS03T 4K QLED Smart TV,3995,QA75LS03TAWXXY,Samsung,75,Harvey Norman,Televisions,AUD
41,Samsung 55-inch The Frame LS03T 4K QLED Smart TV,1995,QA55LS03TAWXXY,Samsung,55,Harvey Norman,Televisions,AUD
42,Samsung 85-inch Q950T 8K QLED Smart TV,12995,QA85Q950TSWXXY,Samsung,85,Harvey Norman,Televisions,AUD
43,Samsung 75-inch Q950T 8K QLED Smart TV,7995,QA75Q950TSWXXY,Samsung,75,Harvey Norman,Televisions,AUD
44,Samsung 65-inch Q950T 8K QLED Smart TV,5995,QA65Q950TSWXXY,Samsung,65,Harvey Norman,Televisions,AUD
45,TCL 100-inch P715 QUHD LED LCD Smart TV,12995,100P715,TCL,100,Harvey Norman,Televisions,AUD
52,Sony 65-inch X95H 4K UHD LED LCD Smart TV,2995                        ,KD65X9500H,Sony,65,Harvey Norman,Televisions,AUD
53,Hisense 65-inch S8 4K LED LCD Smart TV,1395,65S8,Hisense,65,Harvey Norman,Televisions,AUD
54,LG 55-inch Nano80 4K NanoCell Ai ThinQ Smart TV,1495,55NANO80TNA,LG,55,Harvey Norman,Televisions,AUD
55,Hisense 75-inch S8 4K LED LCD Smart TV,1895                        ,75S8,Hisense,75,Harvey Norman,Televisions,AUD
56,TCL 65-inch C715 4K QLED Smart TV,1695,65C715,TCL,65,Harvey Norman,Televisions,AUD
57,Samsung 75-inch Q60T 4K QLED Smart TV,2895,QA75Q60TAWXXY,Samsung,75,Harvey Norman,Televisions,AUD
58,Sony 55-inch X80H 4K UHD LED LCD Smart TV,1295                        ,KD55X8000H,Sony,55,Harvey Norman,Televisions,AUD
59,Samsung 65-inch The Frame LS03T 4K QLED Smart TV,2695,QA65LS03TAWXXY,Samsung,65,Harvey Norman,Televisions,AUD
60,Samsung 82-inch Q800T 8K QLED Smart TV,8995,QA82Q800TAWXXY,Samsung,82,Harvey Norman,Televisions,AUD
61,Samsung 75-inch Q800T 8K QLED Smart TV,5995                        ,QA75Q800TAWXXY,Samsung,75,Harvey Norman,Televisions,AUD
62,Samsung 65-inch Q800T 8K QLED Smart TV,4795,QA65Q800TAWXXY,Samsung,65,Harvey Norman,Televisions,AUD
63,Samsung 75-inch Q95T 4K QLED Smart TV,5995,QA75Q95TAWXXY,Samsung,75,Harvey Norman,Televisions,AUD
64,Samsung 55-inch Q95T 4K QLED Smart TV,2995,QA55Q95TAWXXY,Samsung,55,Harvey Norman,Televisions,AUD
65,Samsung 75-inch Q80T 4K QLED Smart TV,4495,QA75Q80TAWXXY,Samsung,75,Harvey Norman,Televisions,AUD
66,Samsung 65-inch Q80T 4K QLED Smart TV,2995,QA65Q80TAWXXY,Samsung,65,Harvey Norman,Televisions,AUD
67,Samsung 55-inch Q80T 4K QLED Smart TV,2195,QA55Q80TAWXXY,Samsung,55,Harvey Norman,Televisions,AUD
68,Samsung 85-inch Q70T 4K QLED Smart TV,5495,QA85Q70TAWXXY,Samsung,85,Harvey Norman,Televisions,AUD
69,Samsung 75-inch Q70T 4K QLED Smart TV,3495,QA75Q70TAWXXY,Samsung,75,Harvey Norman,Televisions,AUD
70,Samsung 65-inch Q70T 4K QLED Smart TV,2295,QA65Q70TAWXXY,Samsung,65,Harvey Norman,Televisions,AUD
71,LG 55-inch CX Cinema Series 4K UHD Self-lit OLED Smart TV Ai ThinQ,3095                        ,OLED55CXPTA,LG,55,Harvey Norman,Televisions,AUD
72,LG 65-inch CX Cinema Series 4K UHD Self-lit OLED Smart TV Ai ThinQ,4295                        ,OLED65CXPTA,LG,65,Harvey Norman,Televisions,AUD
73,LG 77-inch CX Cinema Series 4K UHD Self-lit OLED Smart TV Ai ThinQ,7995                        ,OLED77CXPTA,LG,77,Harvey Norman,Televisions,AUD
74,LG 65-inch Nano99 8K NanoCell Ai ThinQ Smart TV,5495,65NANO99TNA,LG,65,Harvey Norman,Televisions,AUD
75,LG 75-inch Nano99 8K NanoCell Ai ThinQ Smart TV,7495,75NANO99TNA,LG,75,Harvey Norman,Televisions,AUD
76,LG 65-inch Nano80 4K NanoCell Ai ThinQ Smart TV,1895,65NANO80TNA,LG,65,Harvey Norman,Televisions,AUD
77,LG 65-inch Nano86 4K NanoCell Ai ThinQ Smart TV,2295,65NANO86TNA,LG,65,Harvey Norman,Televisions,AUD
78,LG 65-inch Nano91 4K NanoCell Ai ThinQ Smart TV,2695,65NANO91TNA,LG,65,Harvey Norman,Televisions,AUD
79,LG 75-inch Nano91 4K NanoCell Ai ThinQ Smart TV,4195,75NANO91TNA,LG,75,Harvey Norman,Televisions,AUD
80,LG 65-inch Nano95 8K NanoCell Ai ThinQ Smart TV,3995,65NANO95TNA,LG,65,Harvey Norman,Televisions,AUD
81,LG 75-inch Nano95 8K NanoCell Ai ThinQ Smart TV,5495,75NANO95TNA,LG,75,Harvey Norman,Televisions,AUD
82,Sony 75-inch X95H 4K UHD LED LCD Smart TV,3995                        ,KD75X9500H,Sony,75,Harvey Norman,Televisions,AUD
83,Hisense 75-inch Q8 4K ULED Smart TV,3495,75Q8,Hisense,75,Harvey Norman,Televisions,AUD
84,Hisense 65-inch Q8 4K ULED Smart TV,1995                        ,65Q8,Hisense,65,Harvey Norman,Televisions,AUD
85,Hisense 55-inch Q8 4K ULED Smart TV,1595,55Q8,Hisense,55,Harvey Norman,Televisions,AUD
86,Samsung 75-inch The Frame LS03T 4K QLED Smart TV,3995,QA75LS03TAWXXY,Samsung,75,Harvey Norman,Televisions,AUD
87,Samsung 55-inch The Frame LS03T 4K QLED Smart TV,1995,QA55LS03TAWXXY,Samsung,55,Harvey Norman,Televisions,AUD
88,Samsung 85-inch Q950T 8K QLED Smart TV,12995,QA85Q950TSWXXY,Samsung,85,Harvey Norman,Televisions,AUD
89,Samsung 75-inch Q950T 8K QLED Smart TV,7995,QA75Q950TSWXXY,Samsung,75,Harvey Norman,Televisions,AUD
90,Samsung 65-inch Q950T 8K QLED Smart TV,5995,QA65Q950TSWXXY,Samsung,65,Harvey Norman,Televisions,AUD
91,TCL 100-inch P715 QUHD LED LCD Smart TV,12995,100P715,TCL,100,Harvey Norman,Televisions,AUD
98,Sony 65-inch X95H 4K UHD LED LCD Smart TV,2995                        ,KD65X9500H,Sony,65,Harvey Norman,Televisions,AUD
99,Hisense 65-inch S8 4K LED LCD Smart TV,1395,65S8,Hisense,65,Harvey Norman,Televisions,AUD
100,LG 55-inch Nano80 4K NanoCell Ai ThinQ Smart TV,1495,55NANO80TNA,LG,55,Harvey Norman,Televisions,AUD
101,Hisense 75-inch S8 4K LED LCD Smart TV,1895                        ,75S8,Hisense,75,Harvey Norman,Televisions,AUD
102,TCL 65-inch C715 4K QLED Smart TV,1695,65C715,TCL,65,Harvey Norman,Televisions,AUD
103,Samsung 75-inch Q60T 4K QLED Smart TV,2895,QA75Q60TAWXXY,Samsung,75,Harvey Norman,Televisions,AUD
104,Sony 55-inch X80H 4K UHD LED LCD Smart TV,1295                        ,KD55X8000H,Sony,55,Harvey Norman,Televisions,AUD
105,Samsung 65-inch The Frame LS03T 4K QLED Smart TV,2695,QA65LS03TAWXXY,Samsung,65,Harvey Norman,Televisions,AUD
106,Samsung 82-inch Q800T 8K QLED Smart TV,8995,QA82Q800TAWXXY,Samsung,82,Harvey Norman,Televisions,AUD
107,Samsung 75-inch Q800T 8K QLED Smart TV,5995                        ,QA75Q800TAWXXY,Samsung,75,Harvey Norman,Televisions,AUD
108,Samsung 65-inch Q800T 8K QLED Smart TV,4795,QA65Q800TAWXXY,Samsung,65,Harvey Norman,Televisions,AUD
109,Samsung 75-inch Q95T 4K QLED Smart TV,5995,QA75Q95TAWXXY,Samsung,75,Harvey Norman,Televisions,AUD
110,Samsung 55-inch Q95T 4K QLED Smart TV,2995,QA55Q95TAWXXY,Samsung,55,Harvey Norman,Televisions,AUD
111,Samsung 75-inch Q80T 4K QLED Smart TV,4495,QA75Q80TAWXXY,Samsung,75,Harvey Norman,Televisions,AUD
112,Samsung 65-inch Q80T 4K QLED Smart TV,2995,QA65Q80TAWXXY,Samsung,65,Harvey Norman,Televisions,AUD
113,Samsung 55-inch Q80T 4K QLED Smart TV,2195,QA55Q80TAWXXY,Samsung,55,Harvey Norman,Televisions,AUD
114,Samsung 85-inch Q70T 4K QLED Smart TV,5495,QA85Q70TAWXXY,Samsung,85,Harvey Norman,Televisions,AUD
115,Samsung 75-inch Q70T 4K QLED Smart TV,3495,QA75Q70TAWXXY,Samsung,75,Harvey Norman,Televisions,AUD
116,Samsung 65-inch Q70T 4K QLED Smart TV,2295,QA65Q70TAWXXY,Samsung,65,Harvey Norman,Televisions,AUD
117,LG 55-inch CX Cinema Series 4K UHD Self-lit OLED Smart TV Ai ThinQ,3095                        ,OLED55CXPTA,LG,55,Harvey Norman,Televisions,AUD
118,LG 65-inch CX Cinema Series 4K UHD Self-lit OLED Smart TV Ai ThinQ,4295                        ,OLED65CXPTA,LG,65,Harvey Norman,Televisions,AUD
119,LG 77-inch CX Cinema Series 4K UHD Self-lit OLED Smart TV Ai ThinQ,7995                        ,OLED77CXPTA,LG,77,Harvey Norman,Televisions,AUD
120,LG 65-inch Nano99 8K NanoCell Ai ThinQ Smart TV,5495,65NANO99TNA,LG,65,Harvey Norman,Televisions,AUD
121,LG 75-inch Nano99 8K NanoCell Ai ThinQ Smart TV,7495,75NANO99TNA,LG,75,Harvey Norman,Televisions,AUD
122,LG 65-inch Nano80 4K NanoCell Ai ThinQ Smart TV,1895,65NANO80TNA,LG,65,Harvey Norman,Televisions,AUD
123,LG 65-inch Nano86 4K NanoCell Ai ThinQ Smart TV,2295,65NANO86TNA,LG,65,Harvey Norman,Televisions,AUD
124,LG 65-inch Nano91 4K NanoCell Ai ThinQ Smart TV,2695,65NANO91TNA,LG,65,Harvey Norman,Televisions,AUD
125,LG 75-inch Nano91 4K NanoCell Ai ThinQ Smart TV,4195,75NANO91TNA,LG,75,Harvey Norman,Televisions,AUD
126,LG 65-inch Nano95 8K NanoCell Ai ThinQ Smart TV,3995,65NANO95TNA,LG,65,Harvey Norman,Televisions,AUD
127,LG 75-inch Nano95 8K NanoCell Ai ThinQ Smart TV,5495,75NANO95TNA,LG,75,Harvey Norman,Televisions,AUD
128,Sony 75-inch X95H 4K UHD LED LCD Smart TV,3995                        ,KD75X9500H,Sony,75,Harvey Norman,Televisions,AUD
129,Hisense 75-inch Q8 4K ULED Smart TV,3495,75Q8,Hisense,75,Harvey Norman,Televisions,AUD
130,Hisense 65-inch Q8 4K ULED Smart TV,1995                        ,65Q8,Hisense,65,Harvey Norman,Televisions,AUD
131,Hisense 55-inch Q8 4K ULED Smart TV,1595,55Q8,Hisense,55,Harvey Norman,Televisions,AUD
132,Samsung 75-inch The Frame LS03T 4K QLED Smart TV,3995,QA75LS03TAWXXY,Samsung,75,Harvey Norman,Televisions,AUD
133,Samsung 55-inch The Frame LS03T 4K QLED Smart TV,1995,QA55LS03TAWXXY,Samsung,55,Harvey Norman,Televisions,AUD
134,Samsung 85-inch Q950T 8K QLED Smart TV,12995,QA85Q950TSWXXY,Samsung,85,Harvey Norman,Televisions,AUD
135,Samsung 75-inch Q950T 8K QLED Smart TV,7995,QA75Q950TSWXXY,Samsung,75,Harvey Norman,Televisions,AUD
136,Samsung 65-inch Q950T 8K QLED Smart TV,5995,QA65Q950TSWXXY,Samsung,65,Harvey Norman,Televisions,AUD
137,TCL 100-inch P715 QUHD LED LCD Smart TV,12995,100P715,TCL,100,Harvey Norman,Televisions,AUD
